{"calculated": true, "Message": "", "method": {"crwup": 0.7551020408163265, "tedupL": 3.1166666666666667, "tedL": 6.738888888888889, "totalWords": 49, "crwN": 28.0, "crwupN": 37.0, "ted": 51.0, "tedup": 24.0, "detWords": 49, "crw": 0.5714285714285714}}