{"calculated": true, "Message": "", "method": {"crwup": 0.5306122448979592, "tedupL": 11.707936507936505, "tedL": 11.85079365079365, "totalWords": 49, "crwN": 25.0, "crwupN": 26.0, "ted": 61.0, "tedup": 60.0, "detWords": 49, "crw": 0.5102040816326531}}