{"calculated": true, "Message": "", "method": {"crwup": 0.38016528925619836, "tedupL": 26.390476190476186, "tedL": 30.012698412698402, "totalWords": 121, "crwN": 37.0, "crwupN": 46.0, "ted": 199.0, "tedup": 172.0, "detWords": 121, "crw": 0.30578512396694213}}