{"calculated": true, "Message": "", "method": {"crwup": 0.46078431372549017, "tedupL": 17.584920634920636, "tedL": 17.584920634920636, "totalWords": 102, "crwN": 47.0, "crwupN": 47.0, "ted": 115.0, "tedup": 115.0, "detWords": 102, "crw": 0.46078431372549017}}