{"calculated": true, "Message": "", "method": {"crwup": 0.20588235294117646, "tedupL": 46.301984126984145, "tedL": 46.301984126984145, "totalWords": 102, "crwN": 21.0, "crwupN": 21.0, "ted": 297.0, "tedup": 297.0, "detWords": 102, "crw": 0.20588235294117646}}