{"calculated": true, "Message": "", "method": {"crwup": 0.24489795918367346, "tedupL": 20.424725274725276, "tedL": 21.519169719169724, "totalWords": 49, "crwN": 12.0, "crwupN": 12.0, "ted": 141.0, "tedup": 133.0, "detWords": 49, "crw": 0.24489795918367346}}