{"calculated": true, "Message": "", "method": {"crwup": 0.3333333333333333, "tedupL": 38.40198412698413, "tedL": 38.40198412698413, "totalWords": 102, "crwN": 34.0, "crwupN": 34.0, "ted": 238.0, "tedup": 238.0, "detWords": 102, "crw": 0.3333333333333333}}